iata,icao,noaa
AIV,KAIV,
ALX,KALX,720265
ANB,KANB,722287
ASN,KASN,720504
AUO,KAUO,722284
BFM,KBFM,722235
BHM,KBHM,722280
DCU,KDCU,722279
DHN,KDHN,722268
ETS,KEDN,
EUF,KEUF,720363
GAD,KGAD,722285
GUF,KJKA,720381
HAB,KHAB,
HSV,KHSV,723230
HUA,KHUA,723231
MGM,KMGM,722260
MOB,KMOB,722230
MSL,KMSL,723235
MVC,KMVC,
MXF,KMXF,722265
NHX,KNBJ,
OZR,KOZR,722269
PLR,KPLR,
SEM,KSEM,722266
TCL,KTCL,722286
TOI,KTOI,722267
ABL,PAFM,701718
ADK,PADK,704540
ADQ,PADQ,703500
ADR,KPHH,
AET,PFAL,
AGN,PAGN,703830
AIN,PAWI,700300
AKB,PAAK,A00032
AKI,PFAK,
AKK,PAKH,703926
AKN,PAKN,703260
AKP,PAKP,701625
ANC,PANC,702730
ANI,PANI,702320
ANN,PANT,
ANV,PANV,702075
ARC,PARC,701945
ATK,PATQ,702685
ATU,PAAT,
BET,PABE,702190
BGQ,PAGQ,
BIG,PABI,702670
BKC,PABL,700632
BMX,PABM,
BRW,PABR,700260
BTI,PABA,700860
BTT,PABT,701740
BVU,PABG,
CDB,PACD,703160
CDV,PACV,702960
CEM,PACE,
CIK,PACI,
CLP,PFCL,
CXF,PACX,703609
CYF,PACK,
CYT,PACY,
CZF,PACZ,702120
DLG,PADL,703210
DRG,PADE,701333
DUT,PADU,704890
EAA,PAEG,701975
EDF,PAED,702720
EEK,PAEE,
EGX,PAII,703334
EHM,PAEH,703050
EIL,PAEI,702650
ELI,PFEL,703891
ELV,PAEL,703817
EMK,PAEM,702084
ENA,PAEN,702590
ENN,PANN,702600
FAI,PAFA,702610
FBK,PAFB,702615
FNR,PANR,
FRN,PAFR,702700
FWL,PAFW,
FYU,PFYU,701940
GAL,PAGA,702220
GAM,PAGM,702040
GBH,PAGB,700635
GKN,PAGK,702710
GLV,PAGL,701995
GMT,PAGZ,
GST,PAGS,703670
HCR,PAHC,703051
HNH,PAOH,702607
HNS,PAHN,703626
HOM,PAHO,703410
HPB,PAHP,702186
HSL,PAHL,703655
HUS,PAHU,
HYG,PAHY,703884
IAN,PAIK,701196
IGG,PAIG,703061
IKO,PAKO,
ILI,PAIL,703400
IRC,PACR,
JNU,PAJN,703810
KAE,PAFE,703855
KAL,PAKV,702006
KDK,PAKD,
KFP,PAKF,700638
KGK,PAJZ,703925
KKA,PAKK,702223
KKH,PADY,
KLG,PALG,703052
KLN,PALB,
KLW,PAKW,703894
KMO,PAMB,703055
KNW,PANW,702697
KOT,PFKO,
KPC,PAPC,701190
KPN,PAKI,702686
KPV,PAPE,
KSM,PASM,702005
KTN,PAKT,703950
KTS,PFKT,
KUK,PFKA,
KVC,PAVC,
KVL,PAVL,701486
KWK,PAGG,
KWN,PAQH,703656
KWT,PFKW,
KYK,PAKY,
KYU,PFKU,
LKK,PAKL,
LMA,PAMH,702460
LNI,PALN,
LUR,PALU,701040
MCG,PAMC,702310
MCL,PAIN,702645
MDO,PAMD,703430
MLL,PADM,702628
MLY,PAML,
MOU,PAMO,703056
MRI,PAMR,702735
MTM,PAMM,703985
MTX,PABK,
MXY,PAMX,
MYU,PAMY,702185
NCN,PFCB,
NIB,PAFS,702625
NLG,PAOU,703058
NME,PAGT,
NNL,PANO,
NUI,PAQT,703644
NUL,PANU,
OBU,PAOB,
OME,PAOM,702000
OOK,PAOO,703057
ORI,KORI,
ORT,PAOR,702910
ORV,PFNO,704898
OTZ,PAOT,701330
PAQ,PAAQ,702740
PCA,PAOC,
PHO,PAPO,701043
PIP,PAPN,702626
PIZ,PPIZ,701210
PKA,PAPK,
PML,PAAL,
PPC,PAPR,701748
PSG,PAPG,703860
PTA,PALJ,703406
PTD,PAAP,
PTH,PAPH,703330
PTU,PAPM,703605
RBY,PARY,702627
RDB,PADG,701045
RSH,PARS,703053
SCC,PASC,700637
SCM,PACM,703054
SDP,PASD,703165
SGY,PAGY,703620
SHG,PAGH,701719
SHH,PASH,701195
SHX,PAHX,
SIT,PASI,703710
SKK,PFSH,703888
SKW,PASW,
SLQ,PASL,703407
SMK,PAMK,720382
SMU,PASP,
SNP,PASN,703080
SOV,PASO,703621
STG,PAPB,703835
SVA,PASA,702035
SVW,PASV,702350
SWD,PAWD,702770
SXQ,PASX,702595
SYA,PASY,704140
TAL,PATA,701780
TKA,PATK,702510
TKJ,PFTO,
TLA,PATE,749230
TLJ,PATL,702315
TNC,PATC,701170
TOG,PATG,703606
UMM,PAST,
UMT,PAUM,
UNK,PAUN,702070
UTO,PAIM,701730
UUK,PAKU,700634
VAK,PAVA,701338
VDZ,PAVD,702756
VEE,PAVE,
WAA,PAIW,701337
WBQ,PAWB,
WCR,PALR,701745
WLK,PASK,700197
WMO,PAWM,702004
WNA,PANA,702195
WOW,PAUO,
WRG,PAWG,703870
WSF,PACS,
WSN,PFWS,703335
WTK,PAWN,701335
WWA,PAWS,702325
WWT,PAEW,
YAK,PAYA,703610
AVW,KAVQ,
AZA,KIWA,722786
BXK,KBXK,720644
CFT,KCFT,
CGZ,KCGZ,722748
DGL,KDGL,
DMA,KDMA,722745
DUG,KDUG,722720
DVT,KDVT,722784
FHU,KFHU,722730
FLG,KFLG,723750
GCN,KGCN,723783
GYR,KGYR,722788
HII,KHII,
IFP,KIFP,723788
IGM,KIGM,723700
INW,KINW,723740
LGF,KLGF,
LUF,KLUF,722785
MSC,KFFZ,722783
MZJ,KMZJ,749167
OLS,KOLS,722728
PGA,KPGA,723710
PHX,KPHX,722780
PJB,KPAN,723745
PRC,KPRC,723723
SAD,KSAD,722747
SCF,KSDL,722789
SDX,KSEZ,723756
SJN,KSJN,723754
SOW,KSOW,723747
TUS,KTUS,722740
TYZ,KTYL,
YUM,KNYL,740035
AGO,KAGO,
ARG,KARG,723406
AWM,KAWM,722054
BVX,KBVX,723448
BYH,KBYH,723408
CDH,KCDH,723425
CKK,KCVK,
CRT,KCRT,
ELD,KELD,723419
FCY,KFCY,
FLP,KFLP,723447
FSM,KFSM,723440
FYV,KFYV,723445
HEE,KHEE,
HKA,KHKA,723409
HOT,KHOT,723415
HRO,KHRO,723450
JBR,KJBR,723407
LIT,KLIT,723403
LRF,KLRF,723405
MPJ,KMPJ,
MXA,KMXA,
PBF,KPBF,723417
PGR,KPGR,
ROG,KROG,723449
SGT,KSGT,723416
SLG,KSLG,723443
SPZ,KASG,723434
SRC,KSRC,722188
TXK,KTXK,723418
WMH,KBPK,723439
XNA,KXNA,723436
ACV,KACV,725945
AHC,KAHC,
APC,KAPC,724955
APV,KAPV,
AUN,KAUN,720267
AVX,KAVX,722920
BAB,KBAB,724837
BFL,KBFL,723840
BIH,KBIH,724800
BLH,KBLH,747188
BLU,KBLU,725845
BNG,KBNG,
BUR,KBUR,722880
BWC,KBWC,
BYS,KBYS,746110
CCB,KCCB,720329
CCR,KCCR,724950
CEC,KCEC,725946
CIC,KCIC,724973
CLD,KCRQ,722927
CLR,KCLR,
CNO,KCNO,722899
CPM,KCPM,
CRO,KCRO,
CXL,KCXL,
DAG,KDAG,723815
EDW,KEDW,723810
EED,KEED,723805
EKA,KEKA,725940
EMT,KEMT,747043
FAT,KFAT,723890
FCH,KFCH,723897
FUL,KFUL,722976
HAF,KHAF,720646
HHR,KHHR,722956
HLI,KCVH,749179
HMT,KHMT,720687
HWD,KHWD,725850
IPL,KIPL,747185
IYK,KIYK,
KIC,KKIC,
LAX,KLAX,722950
LGB,KLGB,722970
LPC,KLPC,722895
LSN,KLSN,
LVK,KLVK,724927
MAE,KMAE,745046
MCC,KMCC,724836
MCE,KMCE,724815
MER,KMER,724810
MHR,KMHR,724833
MHV,KMHV,722953
MIT,KMIT,
MMH,KMMH,723894
MOD,KMOD,724926
MRY,KMRY,724915
MYF,KMYF,722903
MYV,KMYV,724838
NJK,KNJK,722810
NKX,KNKX,722931
NLC,KNLC,747020
NOT,KDVO,720406
NRC,KNRC,
NRS,KNRS,722909
NTD,KNTD,723910
NUQ,KNUQ,745090
NZY,KNZY,722906
OAK,KOAK,724930
OAR,KOAR,724916
OCN,KOKB,722934
ONT,KONT,747040
OVE,KOVE,745048
OXR,KOXR,723927
PAO,KPAO,724937
PMD,KPMD,723820
POC,KPOC,722887
PRB,KPRB,723965
PSP,KPSP,722868
PTV,KPTV,723895
PVF,KPVF,720645
RAL,KRAL,722869
RBL,KRBL,725910
RDD,KRDD,725920
RHV,KRHV,724946
RIR,KRIR,
RIV,KRIV,722860
RMY,KMPI,
SAC,KSAC,724830
SAN,KSAN,722900
SAS,KSAS,
SBA,KSBA,723925
SBD,KSBD,722866
SBD,KSBD,999999
SBP,KSBP,722897
SCK,KSCK,724920
SDM,KSDM,722904
SEE,KSEE,722907
SFO,KSFO,724940
SIY,KSIY,725955
SJC,KSJC,724945
SMF,KSMF,724839
SMO,KSMO,722885
SMX,KSMX,723940
SNA,KSNA,722977
SNS,KSNS,725930
SPA,KSPA,723126
SQA,KIZA,723762
SQL,KSQL,724938
STS,KSTS,724957
SUM,KSMS,720611
SUU,KSUU,745160
SVE,KSVE,725837
SZN,KSZN,
SZP,KSZP,
TKF,KTRK,725846
TLR,KTLR,
TNP,KTNP,
TOA,KTOA,722955
TRM,KTRM,747187
TSP,KTSP,749171
TVL,KTVL,725847
UDD,KUDD,
UKI,KUKI,725905
VBG,KVBG,723930
VCV,KVCV,723825
VIS,KVIS,723896
VNY,KVNY,722886
WHP,KWHP,745057
WJF,KWJF,723816
WLW,KWLW,
WVI,KWVI,745058
AFF,KAFF,745310
AKO,KAKO,724698
ALS,KALS,724620
APA,KAPA,724666
ASE,KASE,724676
BFK,KBKF,724695
BJC,KBJC,724699
CEZ,KCEZ,724767
CIG,KCAG,725700
COS,KCOS,724660
DEN,KDEN,725650
DRO,KDRO,724625
EGE,KEGE,724675
FCS,KFCS,724680
FNL,KFNL,724769
GJT,KGJT,724760
GUC,KGUC,724677
GWS,KGWS,
GXY,KGXY,724768
HDN,KHDN,725710
LAA,KLAA,724636
LIC,KLIC,724665
LXV,KLXV,724673
MTJ,KMTJ,724765
PGO,KPSO,720539
PUB,KPUB,724640
RIL,KRIL,725717
SBS,KSBS,724678
SLT,KANK,720532
STK,KSTK,720544
TAD,KTAD,724645
TEX,KTEX,724627
WBU,KBDU,720533
BDL,KBDL,725080
BDR,KBDR,725040
DXR,KDXR,725086
GON,KGON,725046
HFD,KHFD,725087
HVN,KHVN,725045
OXC,KOXC,725029
DOV,KDOV,724088
GED,KGED,724093
ILG,KILG,724180
AAF,KAAF,722200
APF,KAPF,722038
AVO,KAVO,
BCT,KBCT,722022
BOW,KBOW,722123
CDK,KCDK,
CEW,KCEW,722215
CLW,KCLW,
COF,KCOF,747950
COI,KCOI,
CRG,KCRG,747820
CTY,KCTY,722120
DAB,KDAB,747870
DSI,KDTS,722069
ECP,KECP,720735
EGI,KEGI,722246
EYW,KEYW,722010
FLL,KFLL,747830
FMY,KFMY,722106
FPR,KFPR,722103
FXE,KFXE,722039
GIF,KGIF,747931
GNV,KGNV,747560
HST,KHST,722026
HWO,KHWO,722037
IMM,KIMM,
ISM,KISM,722011
JAX,KJAX,722060
LAL,KLAL,722119
LCQ,KLCQ,
LEE,KLEE,722213
LNA,KLNA,
MCF,KMCF,747880
MCO,KMCO,722050
MIA,KMIA,722020
MLB,KMLB,722040
MRK,KMKY,721041
MTH,KMTH,722016
NEN,KNEN,A00023
NIP,KNIP,722065
NPA,KNPA,722225
NQX,KNQX,722015
NRB,KNRB,722066
NSE,KNSE,722226
NUN,KNUN,
OBE,KOBE,722261
OCF,KOCF,722055
OPF,KOPF,722024
ORL,KORL,722053
PAM,KPAM,747750
PBI,KPBI,722030
PGD,KPGD,722034
PHK,KPHK,
PIE,KPIE,722116
PNS,KPNS,722223
PPM,KPMP,722049
RSW,KRSW,722108
SEF,KSEF,749045
SFB,KSFB,722057
SPG,KSPG,722104
SRQ,KSRQ,722115
SUA,KSUA,722189
TIX,KTIX,722046
TLH,KTLH,722140
TMB,KTMB,722029
TNT,KTNT,
TPA,KTPA,722110
TPF,KTPF,720374
UST,KSGJ,722212
VNC,KVNC,722118
VPS,KVPS,722210
VQQ,KVQQ,722067
VRB,KVRB,747930
ZPH,KZPH,721042
ABY,KABY,722160
AGS,KAGS,722180
AHN,KAHN,723110
ATL,KATL,722190
AYS,KAYS,722130
BGE,KBGE,720268
BQK,KBQK,722136
CSG,KCSG,722255
DBN,KDBN,722217
DNL,KDNL,722181
DNN,KDNN,722154
FTY,KFTY,722195
GVL,KGVL,722185
LGC,KLGC,747807
LIY,KLHW,722090
LSF,KLSF,722250
LZU,KLZU,747808
MAC,KMAC,
MCN,KMCN,722170
MGE,KMGE,722270
MGR,KMGR,722147
MLJ,KMLJ,720348
MQW,KMQW,
MUL,KMUL,
PDK,KPDK,722196
PIM,KPIM,
RMG,KRMG,723200
SAV,KSAV,722070
SSI,KSSI,722137
SVN,KSVN,747804
SYV,KSYV,
TBR,KTBR,747805
TMA,KTMA,720712
TOC,KTOC,725258
TVI,KTVI,720738
VAD,KVAD,747810
VDI,KVDI,722134
VLD,KVLD,722166
WDR,KWDR,747809
WRB,KWRB,722175
BKH,PHBK,911620
BSF,PHSF,911977
FTI,NSFQ,
HDH,PHDH,
HHI,PHHI,911700
HNL,PHNL,911820
HNM,PHHN,911907
ITO,PHTO,912850
JHM,PHJH,911904
JRF,PHJR,911780
KOA,PHKO,911975
LIH,PHLI,911650
LNY,PHNY,911905
LUP,PHLU,
MDY,PMDY,
MKK,PHMK,911860
MUE,PHMU,
NGF,PHNG,911760
OGG,PHOG,911900
PAK,PHPA,
UPP,PHUP,
BOI,KBOI,726810
BYI,KBYI,725867
CHL,KLLJ,722142
COE,KCOE,727834
GNG,KGNG,
IDA,KIDA,725785
IDH,KGIC,726873
LWS,KLWS,727830
MLD,KMLD,725786
MUO,KMUO,726815
MYL,KMYL,725864
PIH,KPIH,725780
RXE,KRXE,726818
SMN,KSMN,726865
SUN,KSUN,725865
TWF,KTWF,725866
ALN,KALN,724395
AUZ,KARR,744655
BLV,KBLV,724338
BMI,KBMI,724397
CIR,KCIR,724975
CMI,KCMI,725315
CPS,KCPS,725314
DEC,KDEC,725316
DNV,KDNV,722076
DPA,KDPA,725305
DVN,KDVN,744550
ENL,KENL,744657
EOK,KEOK,725456
FEP,KFEP,722082
GBG,KGBG,722089
GRE,KGRE,
HSB,KHSB,744652
IJX,KIJX,744666
IKK,KIKK,722127
JOT,KJOT,725345
LOT,KLOT,725348
LWV,KLWV,725342
MDH,KMDH,724336
MDW,KMDW,725340
MLI,KMLI,725440
MQB,KMQB,722157
MTO,KMTO,725317
MVN,KMVN,724335
MWA,KMWA,724339
OLY,KOLY,744659
ORD,KORD,725300
PIA,KPIA,725320
RFD,KRFD,725430
SAR,KSAR,744653
SLO,KSLO,724330
SPI,KSPI,724390
SQI,KSQI,725326
UGN,KUGN,725347
UIN,KUIN,724430
VLA,KVLA,
VYS,KVYS,722149
AID,KAID,724385
ANQ,KANQ,
BFR,KBFR,
BMG,KBMG,724375
CEV,KCEV,
CLU,KBAK,724363
EKI,KEKM,725354
EVV,KEVV,724320
FRH,KFRH,
FWA,KFWA,725330
GBI,VOGB,
GFD,KGFD,
GSH,KGSH,724388
GUS,KGUS,725335
HLB,KHLB,
HNB,KHNB,724365
IND,KIND,724380
LAF,KLAF,724386
LPO,KPPO,721029
MDN,KIMS,
MGC,KMGC,726358
MIE,KMIE,725336
MZZ,KMZZ,744214
OKK,KOKK,724387
RCR,KRCR,720736
RID,KRID,
RNZ,KRZL,744660
SBN,KSBN,725350
SER,KSER,
SIV,KSIV,
SMD,KSMD,
VPZ,KVPZ,725327
AIO,KAIO,725453
ALO,KALO,725480
AMW,KAMW,725472
AXG,KAXA,725457
BNW,KBNW,725486
BRL,KBRL,725420
CBF,KCBF,725497
CCY,KCCY,725463
CID,KCID,725450
CIN,KCIN,725468
CSQ,KCSQ,725474
CWI,KCWI,725473
DBQ,KDBQ,725470
DEH,KDEH,725476
DNS,KDNS,725477
DSM,KDSM,725460
EBS,KEBS,725478
EFW,KEFW,
EST,KEST,726499
FFL,KFFL,726498
FMS,KFSW,725483
FOD,KFOD,725490
FXY,KFXY,720643
HPT,KHPT,
ICL,KICL,725479
IDG,KIDG,
IFA,KIFA,722331
IOW,KIOW,725462
LRJ,KLRJ,725484
MCW,KMCW,725485
MIW,KMIW,725461
MPZ,KMPZ,720309
MUT,KMUT,725487
MXO,KMXO,725475
OMA,KOMA,725500
OOA,KOOA,720351
OTM,KOTM,725465
POH,KPOH,
PRO,KPRO,720412
SLB,KSLB,725496
SPW,KSPW,726500
SUX,KSUX,725570
TNU,KTNU,725464
ANY,KANY,
BEC,KBEC,
CBK,KCBK,720422
CEA,KCEA,
CFV,KCFV,724519
CNK,KCNK,724580
CNU,KCNU,724507
DDC,KDDC,724510
EDK,KEQA,
EMP,KEMP,724556
EWK,KEWK,724509
FLV,KFLV,
FOE,KFOE,724565
FRI,KFRI,724550
FSK,KFSK,720338
GBD,KGBD,724517
GCK,KGCK,724515
GLD,KGLD,724650
HLC,KHLC,724655
HUT,KHUT,724506
HYS,KHYS,724518
IAB,KIAB,724505
ICT,KICT,724500
IDP,KIDP,720426
JCI,KIXD,724475
LBL,KLBL,724516
LWC,KLWC,724508
LYO,KLYO,720781
MHK,KMHK,724555
MPR,KMPR,720432
OJC,KOJC,724468
PPF,KPPF,745431
PTS,KPTS,720436
PTT,KPTT,745430
RSL,KRSL,724585
SLN,KSLN,724586
TOP,KTOP,724560
WLD,KWLD,724502
BRY,KBRY,720446
BWG,KBWG,746716
CEY,KCEY,720447
CVG,KCVG,724210
EKX,KEKX,720451
FFT,KFFT,724233
FTK,KFTK,724240
GLW,KGLW,722322
HOP,KHOP,746710
LEX,KLEX,724220
LOU,KLOU,724235
LOZ,KLOZ,724243
OWB,KOWB,724237
PAH,KPAH,724350
PVL,KPBX,720464
SDF,KSDF,724230
SME,KSME,724354
AEX,KAEX,747540
ARA,KARA,722314
BAD,KBAD,722485
BTR,KBTR,722320
BXA,KBXA,720467
CWF,KCWF,722404
DRI,KDRI,722334
DTN,KDTN,722484
ESF,KESF,722487
HUM,KHUM,722406
LCH,KLCH,722400
LFT,KLFT,722405
MLU,KMLU,722486
MSY,KMSY,722310
NBG,KNBG,722316
NEW,KNEW,722315
OPL,KOPL,720468
POE,KPOE,722390
PTN,KPTN,722329
RSN,KRSN,722251
SHV,KSHV,722480
AUG,KAUG,726185
BGR,KBGR,726070
BHB,KBHB,726077
CAR,KCAR,727120
FRY,KIZG,726183
HUL,KHUL,727033
ISS,KIWI,727135
LEW,KLEW,726184
MLT,KMLT,726196
NHZ,KBXM,
OLD,KOLD,
OWK,KOWK,
PNN,KPNN,
PQI,KPQI,727130
PWM,KPWM,726060
RKD,KRKD,726079
SFM,KSFM,726064
WFK,KFVE,726083
WVL,KWVL,726073
ADW,KADW,745940
ANP,KANP,
APG,KAPG,724057
BWI,KBWI,724060
CBE,KCBE,720355
CGE,KCGE,722218
CGS,KCGS,722244
ESN,KESN,724043
FDK,KFDK,722081
FME,KFME,724065
GAI,KGAI,720334
HGR,KHGR,724066
MTN,KMTN,724067
NHK,KNHK,724040
OCE,KOXB,745946
SBY,KSBY,723980
ACK,KACK,725060
ARE,TJAB,
BAF,KBAF,744915
BED,KBED,725059
BOS,KBOS,725090
BQN,TJBQ,785140
BVY,KBVY,725088
CPX,TJCP,
EWB,KEWB,725065
FAJ,TJFA,
FMH,KFMH,725061
GBR,KGBR,
GDM,KGDM,
HYA,KHYA,725067
LWM,KLWM,744904
MAZ,TJMZ,
MVY,KMVY,725066
NRR,TJRV,
ORH,KORH,725100
OWD,KOWD,725098
PSF,KPSF,744104
PVC,KPVC,725073
PYM,KPYM,725064
VQS,TJVQ,
ACB,KACB,727436
ADG,KADG,725404
AMN,KAMN,725405
APN,KAPN,726390
ARB,KARB,725374
AZO,KAZO,726357
BEH,KBEH,726355
BTL,KBTL,725396
CAD,KCAD,726384
CIU,KCIU,727344
CMX,KCMX,727440
DRE,KDRM,720375
DTW,KDTW,725370
ESC,KESC,726480
FNT,KFNT,726370
GDW,KGDW,
GLR,KGLR,725407
GRR,KGRR,726350
HAI,KHAI,720371
HLM,KHLM,
HTL,KHTL,726380
IMT,KIMT,727437
IRS,KIRS,725383
ISQ,KISQ,725408
IWD,KIWD,727445
JXN,KJXN,725395
LAN,KLAN,725390
LDM,KLDM,726364
MBL,KMBL,726385
MBS,KMBS,726379
MCD,KMCD,727435
MKG,KMKG,726360
MNM,KMNM,726487
MOP,KMOP,725424
MQT,KSAW,726284
MTC,KMTC,725377
OSC,KOSC,726395
PHN,KPHN,725384
PLN,KPLN,727347
PTK,KPTK,726375
RCT,KRCT,
TVC,KTVC,726387
TZC,KCFS,722007
WBR,KRQB,725416
AEL,KAEL,726589
AUM,KAUM,727566
AXN,KAXN,726557
BBB,KBBB,727507
BDE,KBDE,727476
BJI,KBJI,727550
BRD,KBRD,726555
CKN,KCKN,727452
DLH,KDLH,727450
DTL,KDTL,727457
EVM,KEVM,727474
FBL,KFBL,726563
FCM,KFCM,726579
FFM,KFFM,726572
FRM,KFRM,726586
GPZ,KGPZ,727458
GRM,KCKC,727454
HIB,KHIB,727455
ILL,KBDH,720386
INL,KINL,727470
LYU,KELO,727459
MIC,KMIC,726575
MJQ,KMJQ,726593
MKT,KMKT,726585
MML,KMML,726559
MOX,KMOX,726565
MSP,KMSP,726580
MVE,KMVE,726553
MWM,KMWM,727506
NSL,KDVP,720368
ONA,KONA,726588
OTG,KOTG,726587
OWA,KOWA,726568
PKD,KPKD,727453
ROX,KROX,727477
RRT,KRRT,726548
RST,KRST,726440
RWF,KRWF,726556
STC,KSTC,726550
STP,KSTP,726584
SYN,KSYN,722003
TVF,KTVF,727555
ULM,KULM,726567
BIX,KBIX,747686
CBM,KCBM,723306
CKM,KCKM,720927
CRX,KCRX,720924
DXE,KMBO,
GLH,KGLH,747680
GPT,KGPT,747570
GTR,KGTR,723307
GWO,KGWO,747580
HBG,KHBG,747590
HEZ,KHEZ,722357
HKS,KHKS,722354
JAN,KJAN,722350
LMS,KLMS,722344
LUL,KLUL,720776
MCB,KMCB,722358
MEI,KMEI,722340
MMS,KMMS,
OLV,KOLV,722165
OSX,KOSX,
PGL,KPQL,747688
PIB,KPIB,722348
TUP,KTUP,723320
UBS,KUBS,
UOX,KUOX,720541
UTM,KUTA,722364
VKS,KVKS,722355
AIZ,KAIZ,724459
BKG,KBBG,720616
BUM,KBUM,
CGI,KCGI,723290
COU,KCOU,724450
DMO,KDMO,724453
EOS,KEOS,
FAM,KFAM,724454
IRK,KIRK,724455
JEF,KJEF,724458
JLN,KJLN,723495
KNK,PFKK,
KNT,KTKX,720331
MAW,KMAW,720481
MAW,KMAW,720481
MBY,KMBY,720482
MCI,KMCI,724460
MHL,KMHL,720483
MKC,KMKC,724463
NVD,KNVD,
PLK,KPLK,
POF,KPOF,723300
SGF,KSGF,724400
SIK,KSIK,720488
STJ,KSTJ,724490
STL,KSTL,724340
SUS,KSUS,724345
SZL,KSZL,724467
TBN,KTBN,724457
TRX,KTRX,
VIH,KVIH,724420
BIL,KBIL,726770
BTM,KBTM,727740
BZN,KBZN,726797
CTB,KCTB,727690
DLN,KDLN,727700
FCA,KGPI,727790
GDV,KGDV,726676
GGW,KGGW,727680
GTF,KGTF,727750
HLN,KHLN,727720
HVR,KHVR,727770
JDN,KJDN,727684
LVM,KLVM,726798
LWT,KLWT,726776
MLS,KMLS,742300
MSO,KMSO,727730
OLF,KOLF,727686
PWD,KPWD,
RPX,KRPX,
SBX,KSBX,
SDY,KSDY,727687
THM,KTHM,
WYS,KWYS,726764
AIA,KAIA,725635
ANW,KANW,725556
BBW,KBBW,725555
BFF,KBFF,725660
BIE,KBIE,725515
BUB,KBUB,
CDR,KCDR,725636
EAR,KEAR,725526
FBY,KFBY,
FET,KFET,725564
GRI,KGRI,725520
GRN,KGRN,725637
HDE,KHDE,725628
HSI,KHSI,725525
IML,KIML,725626
LBF,KLBF,725620
LNK,KLNK,725510
LXN,KLXN,725624
MCK,KMCK,725625
MHN,KMHN,
MIQ,KMLE,720308
OFF,KOFF,725540
OFK,KOFK,725560
OGA,KOGA,725621
OKS,KOKS,
OLU,KOLU,725565
ONL,KONL,725566
SCB,KSCB,
SNY,KSNY,725610
VTN,KVTN,725670
BAM,KBAM,725835
BTY,KBTY,
CSN,KCXP,720549
DRA,KDRA,723870
EKO,KEKO,725825
ELY,KELY,724860
FLX,KFLX,
GAB,KGAB,
HSH,KHND,722096
HTH,KHTH,724856
INS,KINS,746141
LAS,KLAS,723860
LOL,KLOL,725805
LSV,KLSV,746140
LWL,KLWL,
MEV,KMEV,720551
NFL,KNFL,724885
RNO,KRNO,724880
TPH,KTPH,724855
UCC,KUCC,
VGT,KVGT,724846
WMC,KWMC,725830
XSD,KTNX,
AFN,KAFN,726163
ASH,KASH,743946
BML,KBML,726160
CNH,KCNH,
CON,KCON,726050
EEN,KEEN,726165
ERR,KERR,
HIE,KHIE,726164
LCI,KLCI,726155
LEB,KLEB,726116
MHT,KMHT,743945
PSM,KPSM,726055
ACY,KACY,724070
BLM,KBLM,724084
CDW,KCDW,724094
EWR,KEWR,725020
LDJ,KLDJ,720581
LLY,KVAY,724074
MIV,KMIV,724075
MJX,KMJX,720407
MMU,KMMU,724097
NEL,KNEL,724090
TEB,KTEB,725025
TTN,KTTN,724095
WRI,KWRI,724096
WWD,KWWD,745966
ABQ,KABQ,723650
ALM,KALM,722693
ATS,KATS,722676
AXX,KAXX,720411
CAO,KCAO,723600
CNM,KCNM,722687
CVN,KCVN,722689
CVS,KCVS,722686
DMN,KDMN,722725
FMN,KFMN,723658
FSU,KFSU,
GNT,KGNT,723625
GUP,KGUP,723627
HMN,KHMN,747320
HOB,KHOB,722688
LAM,KLAM,723654
LRU,KLRU,722695
LSB,KLSB,720976
LVS,KLVS,723677
ONM,KONM,723620
ROW,KROW,722680
RTN,KRTN,722678
RUI,KSRR,722683
SAF,KSAF,723656
SVC,KSVC,722721
TCC,KTCC,723676
TCS,KTCS,722710
TSM,KSKX,723663
WSD,KWSD,
ALB,KALB,725180
ART,KART,726227
BGM,KBGM,725150
BUF,KBUF,725280
DKK,KDKK,744989
DSV,KDSV,724988
ELM,KELM,725156
ELZ,KELZ,725157
FOK,KFOK,744865
FRG,KFRG,744864
GFL,KGFL,725220
HPN,KHPN,725037
HTO,KHTO,722098
IAG,KIAG,725287
ISP,KISP,725050
ITH,KITH,725155
JFK,KJFK,744860
JHW,KJHW,725235
LGA,KLGA,725030
LKP,KLKP,
MGJ,KMGJ,725015
MSS,KMSS,726223
MSV,KMSV,725145
MTP,KMTP,725014
OGS,KOGS,725186
OIC,KOIC,
OLE,KOLE,725283
PBG,KPBG,726225
POU,KPOU,725036
RME,KRME,725196
ROC,KROC,725290
SCH,KSCH,744994
SLK,KSLK,726228
SWF,KSWF,725038
SYR,KSYR,725190
WSH,KHWV,725016
AVL,KAVL,723150
CLT,KCLT,723140
CTZ,KCTZ,722073
ECG,KECG,723070
EDE,KEDE,723074
EWN,KEWN,723095
FAY,KFAY,723035
FBG,KFBG,746930
FFA,KFFA,720282
GSB,KGSB,723066
GSO,KGSO,723170
HFF,KHFF,723034
HKY,KHKY,723010
HNC,KHSE,723139
IKB,KUKF,723165
ILM,KILM,723020
INT,KINT,723193
ISO,KISO,723067
LBT,KLBT,723108
LFN,KLHZ,722141
MEO,KMQI,723046
MRN,KMRN,723148
MXE,KMEB,723109
OAJ,KOAJ,723069
OCW,KOCW,746925
PGV,KPGV,723065
POB,KPOB,723030
RDU,KRDU,723060
RWI,KRWI,723068
RZZ,KRZZ,
SOP,KSOP,723143
SRW,KRUQ,723156
SVH,KSVH,723055
USA,KJQF,722132
ASY,KASY,
BIS,KBIS,727640
BWM,KBPP,
DIK,KDIK,727630
DVL,KDVL,727573
FAR,KFAR,727530
GFK,KGFK,727570
ISN,KISN,727670
JMS,KJMS,727535
MIB,KMIB,727675
MOT,KMOT,727676
PMB,KPMB,
RDR,KRDR,727575
WAH,KBWP,722004
XWA,KXWA,
AKC,KAKR,724303
AOH,KAOH,724298
ATO,KUNI,720397
AXV,KAXV,
BJJ,KBJJ,725216
BKL,KBKL,725245
CAK,KCAK,725210
CGF,KCGF,725247
CLE,KCLE,725240
CMH,KCMH,724280
DAY,KDAY,724290
DFI,KDFI,725254
FDY,KFDY,725366
FFO,KFFO,745700
GQQ,KGQQ,
HAO,KHAO,725217
HTW,KHTW,
ILN,KILN,724296
JFN,KHZY,725256
LCK,KLCK,724285
LNN,KLNN,725244
LNN,KLNN,725244
LUK,KLUK,724297
MFD,KMFD,724200
MGY,KMGY,724276
MNN,KMNN,725208
MWO,KMWO,722249
OSU,KOSU,724288
OXD,KOXD,
PHD,KPHD,725224
PMH,KPMH,
SGH,KSGH,724295
SKY,KSKY,
TDZ,KTDZ,724287
TOL,KTOL,725360
YNG,KYNG,725250
ZZV,KZZV,724286
ADM,KADM,723555
ADT,KADH,722044
AXS,KAXS,720354
BVO,KBVO,723565
BWL,KBKN,720625
CHK,KCHK,722071
CKA,KCKA,
CLK,KCLK,720356
CSM,KCSM,723526
CUH,KCUH,720357
DUA,KDUA,742513
DUC,KDUC,722078
ELK,KELK,720558
END,KEND,723535
FDR,KFDR,723528
FSI,KFSI,723550
GAG,KGAG,746410
GOK,KGOK,723537
GUY,KGUY,722095
HBR,KHBR,723525
HUJ,KHHW,720559
LAW,KLAW,723575
LTS,KLTS,723520
MIO,KMIO,720255
MKO,KMKO,723556
MLC,KMLC,723566
OKC,KOKC,723530
OKM,KOKM,722164
OUN,KOUN,723570
PNC,KPNC,724530
PWA,KPWA,723544
RKR,KRKR,722178
RVS,KRVS,723564
SNL,KSNL,722187
SUD,KSUD,
SWO,KSWO,723545
TIK,KTIK,723540
TUL,KTUL,723560
WDG,KWDG,723536
WWR,KWWR,722152
AST,KAST,727910
BKE,KBKE,726886
BNO,KBNO,726830
BOK,KBOK,720365
BOK,KBOK,725985
CVO,KCVO,726945
CZK,KCZK,
DLS,KDLS,726988
EUG,KEUG,726930
HES,KHRI,726883
HIO,KHIO,726986
JDA,KGCD,726876
LGD,KLGD,726884
LKV,KLKV,725976
LMT,KLMT,725895
MFR,KMFR,725970
ONO,KONO,726837
ONP,KONP,726950
OTH,KOTH,726917
OTK,KTMK,720202
PDT,KPDT,726880
PDX,KPDX,726980
PFC,KPFC,
RBG,KRBG,726904
RDM,KRDM,726920
REO,KREO,726875
SLE,KSLE,726940
TTD,KTTD,726985
ABE,KABE,725170
AGC,KAGC,725205
AOO,KAOO,725126
AVP,KAVP,725130
BBX,KLOM,720304
BFD,KBFD,725266
BFP,KBVI,725204
BTP,KBTP,725124
CTH,KMQS,720408
DUJ,KDUJ,725125
DYL,KDYL,725113
ERI,KERI,725260
FKL,KFKL,725267
HAR,KCXY,725118
HZL,KHZL,
IDI,KIDI,725175
IPT,KIPT,725140
JST,KJST,725127
LBE,KLBE,725207
LHV,KLHV,
LNS,KLNS,725116
MDT,KMDT,723990
MEJ,KGKJ,725104
MPO,KMPO,725434
MUI,KMUI,725144
PHL,KPHL,724080
PIT,KPIT,725200
PNE,KPNE,724085
PSB,KPSB,
PTW,KPTW,725109
RDG,KRDG,725103
RED,KRVL,725203
SCE,KUNV,725128
SEG,KSEG,725105
STQ,KOYM,
THV,KTHV,725114
UKT,KUKT,720324
WAY,KWAY,
WBW,KWBW,
WSG,KAFJ,725117
BID,KBID,725058
NCO,KOQU,725074
NPT,KUUU,725079
PVD,KPVD,725070
SFZ,KSFZ,725054
WST,KWST,722151
AIK,KAIK,720601
AND,KAND,723190
BFT,KARW,720612
BNL,KBNL,720602
BTN,KBBP,720631
CAE,KCAE,723100
CDN,KCDN,720603
CEU,KCEU,723118
CHS,KCHS,722080
CRE,KCRE,747915
CUB,KCUB,723104
DLL,KDLC,
FLO,KFLO,723106
GDC,KGYH,723122
GGE,KGGE,747918
GMU,KGMU,723119
GRD,KGRD,723124
GSP,KGSP,723120
HCW,KCQW,720605
HHH,KHXD,720120
HVS,KHVS,720633
MMT,KMMT,723105
MYR,KMYR,747910
OGB,KOGB,723115
RBW,KRBW,720609
RKH,KUZA,723117
SSC,KSSC,747900
ABR,KABR,726590
ATY,KATY,726546
BKX,KBKX,726515
FSD,KFSD,726510
HON,KHON,726540
LEM,KLEM,
LQK,KLQK,720744
MBG,KMBG,726685
MHE,KMHE,726545
PHP,KPHP,726516
PIR,KPIR,726560
RAP,KRAP,726620
RCA,KRCA,726625
SPF,KSPF,726605
TTO,KBTN,720511
XMD,KMDS,720624
XPR,KIEN,726517
YKN,KYKN,726525
APT,KAPT,
BNA,KBNA,723270
CHA,KCHA,723240
CKV,KCKV,723280
CSV,KCSV,723250
FYM,KFYM,
GCY,KGCY,
GHM,KGHM,
GKT,KGKT,
MEM,KMEM,723340
MKL,KMKL,723346
MMI,KMMI,
MOR,KMOR,
MQY,KMQY,723273
MRC,KMRC,723249
NQA,KNQA,723284
PHT,KPHT,722781
RKW,KRKW,
RNC,KRNC,
SYI,KSYI,
THA,KTHA,721031
TRI,KTRI,723350
TYS,KTYS,723260
UCY,KUCY,A00029
UOS,KUOS,
ABI,KABI,722660
ACT,KACT,722560
ADS,KADS,722598
AFW,KAFW,722594
ALI,KALI,722517
AMA,KAMA,723630
ASL,KASL,720943
AUS,KAUS,722540
BBC,KBYY,720273
BBD,KBBD,723628
BGD,KBGD,723635
BIF,KBIF,722704
BKD,KBKD,720578
BMT,KBMT,720926
BPT,KBPT,722410
BRO,KBRO,722500
BWD,KBWD,722666
CDS,KCDS,723660
CFD,KCFD,
CLL,KCLL,747460
CNW,KCNW,722561
COM,KCOM,720771
COT,KCOT,722526
CRP,KCRP,722510
CRS,KCRS,722469
CXO,KCXO,722444
CZT,KCZT,
DAL,KDAL,722580
DFW,KDFW,722590
DHT,KDHT,747360
DLF,KDLF,722615
DRT,KDRT,722610
DWH,KDWH,722429
DYS,KDYS,720965
EFD,KEFD,722436
ELA,KELA,
ELP,KELP,722700
ERV,KERV,722537
ETN,KETN,
FST,KFST,722618
FTW,KFTW,747390
FWH,KNFW,722595
GGG,KGGG,722470
GLE,KGLE,722552
GLS,KGLS,722420
GRK,KGRK,722576
GVT,KGVT,722588
HCA,KBPG,720271
HLR,KHLR,722570
HOU,KHOU,722440
HPY,KHPY,
HRL,KHRL,722505
HTV,KUTS,722447
IAH,KIAH,722430
ILE,KILE,722575
INK,KINK,722656
IWS,KIWS,
JAS,KJAS,720296
JCT,KJCT,747400
JKV,KJSO,720298
KIP,KCWC,720404
LBB,KLBB,722670
LFK,KLFK,722446
LJN,KLBX,722527
LRD,KLRD,722520
MAF,KMAF,722650
MDD,KMDD,722324
MFE,KMFE,722506
MPS,KOSA,720311
MRF,KMRF,722640
MWL,KMWL,722597
NGP,KNGP,722515
NGW,KNGW,999999
NQI,KNQI,722516
OCH,KOCH,722499
ONY,KONY,
OZA,KOZA,720659
PEQ,KPEQ,722169
PNX,KGYI,720287
PPA,KPPA,720313
PRX,KPRX,722587
PSN,KPSN,720314
PSX,KPSX,722555
PVW,KPVW,722174
RBD,KRBD,722599
RCK,KRCK,
RFG,KRFG,
RKP,KRKP,722524
RND,KRND,722536
SAT,KSAT,722530
SEP,KSEP,722600
SGR,KSGR,722543
SJT,KSJT,722630
SKF,KSKF,722535
SLR,KSLR,722362
SNK,KSNK,722122
SPS,KSPS,723510
SSF,KSSF,722523
SWW,KSWW,722192
TDW,KTDW,
TPL,KTPL,722577
TRL,KTRL,722489
TYR,KTYR,722448
UVA,KUVA,722202
VCT,KVCT,722550
VHN,KVHN,
WEA,KWEA,
WHT,KARM,722351
BCE,KBCE,724756
BDG,KBDG,A00016
BMC,KBMC,720567
BTF,KBTF,
CDC,KCDC,724755
CNY,KCNY,724776
DPG,KDPG,740030
DTA,KDTA,A00018
ENV,KENV,725810
FIL,KFOM,720568
HIF,KHIF,725755
HVE,KHVE,724733
KNB,KKNB,720569
LGU,KLGU,724796
MLF,KMLF,724750
MLF,KMLF,724797
OGD,KOGD,725750
PUC,KPUC,724700
PVU,KPVU,725724
RIF,KRIF,
SGU,KSGU,724754
SLC,KSLC,725720
VEL,KVEL,725705
BTV,KBTV,726170
EFK,KEFK,720493
LLX,KCDA,720492
MPV,KMPV,726145
MVL,KMVL,726114
RUT,KRUT,725165
VSF,KVSF,726115
APH,KAPH,
BCB,KBCB,724113
BKT,KBKT,724015
CHO,KCHO,724016
DAA,KDAA,724037
DAN,KDAN,724106
DCA,KDCA,724050
DGN,KNDY,
FAF,KFAF,723087
FKN,KFKN,723083
FRR,KFRR,
GVE,KGVE,
HSP,KHSP,724115
IAD,KIAD,724030
LFI,KLFI,745980
LNP,KLNP,724117
LOW,KLKU,723114
LVL,KLVL,720777
LYH,KLYH,724100
MFV,KMFV,724026
MNZ,KHEF,724036
NGU,KNGU,723085
NTU,KNTU,723075
NYG,KNYG,724035
ORF,KORF,723080
PHF,KPHF,723086
PSK,KPSK,724116
PTB,KPTB,724014
RIC,KRIC,724010
ROA,KROA,724110
SHD,KSHD,724105
VJI,KVJI,724058
WAL,KWAL,724020
WGO,KOKV,724053
ALW,KALW,727846
BFI,KBFI,727935
BLI,KBLI,727976
CLM,KCLM,727885
CLS,KCLS,720254
EAT,KEAT,727825
ELN,KELN,727883
EPH,KEPH,727900
ESD,KORS,722208
ESW,KESW,
FRD,KFHR,727985
GEG,KGEG,727850
GRF,KGRF,742071
HQM,KHQM,727923
KLS,KKLS,727924
MVW,KBVS,720272
MWH,KMWH,727827
NUW,KNUW,720749
ODW,KOKH,
OLM,KOLM,727920
OMK,KOMK,727890
PAE,KPAE,727937
PSC,KPSC,727845
PUW,KPUW,727857
PWT,KPWT,727928
RLD,KRLD,727884
RNT,KRNT,727934
SEA,KSEA,727930
SFF,KSFF,727856
SHN,KSHN,727925
SKA,KSKA,727855
TCM,KTCM,742060
TDO,KTDO,
TIW,KTIW,727938
UIL,KUIL,727970
YKM,KYKM,727810
BKW,KBKW,724120
BLF,KBLF,724125
CKB,KCKB,724175
CRW,KCRW,724140
EKN,KEKN,724170
HLG,KHLG,724275
HTS,KHTS,724250
LWB,KLWB,724127
MGW,KMGW,724176
MRB,KMRB,724177
PKB,KPKB,724273
AHH,KAHH,
ARV,KARV,726404
ASX,KASX,726419
ATW,KATW,726457
AUW,KAUW,726463
CLI,KCLI,726502
CMY,KCMY,726437
CWA,KCWA,726465
EAU,KEAU,726435
EGV,KEGV,726504
ENW,KENW,726505
ETB,KETB,726413
FLD,KFLD,726506
GRB,KGRB,726450
GTG,KGTG,
HYR,KHYR,726508
ISW,KISW,726452
JVL,KJVL,726415
LNR,KLNR,726416
LSE,KLSE,726430
MDF,KMDZ,726417
MFI,KMFI,726574
MKE,KMKE,726400
MSN,KMSN,726410
MTW,KMTW,726455
MWC,KMWC,726405
OEO,KOEO,726418
OSH,KOSH,726456
PCD,KPDC,726444
PKF,KPKF,
RAC,KRAC,726424
RHI,KRHI,727415
RIE,KRPD,726467
RNH,KRNH,722179
RRL,KRRL,726449
SBM,KSBM,726425
STE,KSTE,726426
SUE,KSUE,726458
SUW,KSUW,726427
UES,KUES,726409
UNU,KUNU,726509
VOK,KVOK,726436
AFO,KAFO,720516
BPI,KBPI,726710
BYG,KBYG,726654
COD,KCOD,726700
CPR,KCPR,725690
CYS,KCYS,725640
DGW,KDGW,725686
EAN,KEAN,720684
ECS,KECS,
EMM,KEMM,720517
EVW,KEVW,725775
FBR,KFBR,720518
GCC,KGCC,726650
GEY,KGEY,726667
JAC,KJAC,725776
LAR,KLAR,725645
LND,KLND,725760
LSK,KLSK,
POY,KPOY,720519
PWY,KPNA,720345
RIW,KRIW,726720
RKS,KRKS,725744
RWL,KRWL,726690
SAA,KSAA,720521
SHR,KSHR,726660
THP,KTHP,
TOR,KTOR,725763
WRL,KWRL,726665
